{"cameraMode":{"drawMode":0,"name":"Shaded","section":"Shading Mode"},"sceneLighting":false,"audioPlay":false,"sceneViewState":{"m_AlwaysRefresh":false,"showFog":true,"showSkybox":false,"showFlares":true,"showImageEffects":true,"showParticleSystems":true,"showVisualEffectGraphs":true,"m_FxEnabled":true},"in2DMode":false,"pivot":{"x":10.32213306427002,"y":-8.460091590881348,"z":-2.2851428985595705},"rotation":{"x":0.39855843782424929,"y":0.44173091650009158,"z":-0.22845812141895295,"w":0.7706091403961182},"size":13.786103248596192,"orthographic":false}